SampleID;Observed;Shannon;Simpson;InvSimpson
S003.72;10;1,099439913;0,52130926;2,089031428
S011.1;25;1,727498794;0,7656535;4,267185556
S009.125;15;1,094561289;0,50020894;2,000836109
S011.5;15;1,468484875;0,62723998;2,682691132
S003.92;16;0,877956219;0,42593416;1,741960469
S007.13;8;1,411621343;0,70591826;3,400415136
S004.230;28;2,399180603;0,8747283;7,982648914
S003.114;18;1,399853274;0,6900986;3,226832793
S007.132;33;2,175069252;0,83406744;6,02654476
S009.95;15;1,710293673;0,76328512;4,224491506
S007.75;26;1,848572019;0,80690854;5,178892945
S004.134;17;1,057266126;0,54008872;2,174332406
S004.52;11;0,699626006;0,34776512;1,533190007
S011.97;33;1,320834351;0,51161528;2,047566107
S009.61;16;1,298277385;0,59975038;2,498440848
S004.98;10;0,471377119;0,25423622;1,34090717
S007.45;13;1,125353754;0,56034468;2,27450904
S007.40;15;1,40996487;0,73518344;3,77619889
S005.63;17;1,51010685;0,70606172;3,402074748
S006.84;19;1,635354153;0,71365844;3,492332723
S007.44;11;1,106790049;0,5902004;2,440217121
S009.100;11;1,433721928;0,6514911;2,869367181
S010.52;12;1,245536594;0,61846616;2,62099949
S011.63;36;2,016832426;0,79374164;4,848288331
S010.149;30;1,735616773;0,75599504;4,098277346
S010.3;8;1,058791413;0,59378576;2,461755157
S010.168;25;2,017065056;0,8164781;5,448940971
S011.38;32;1,73941674;0,64628932;2,827169369
S004.117;25;1,347250922;0,59836426;2,489818262
S010.15;6;0,652022684;0,42811536;1,748604404
S010.94;20;1,545724996;0,70689216;3,411713586
S007.71;18;1,206719217;0,6132199;2,585448424
S003.88;14;1,262061149;0,6297099;2,700585298
S010.86;15;1,166195765;0,52743354;2,116104473
S006.92;21;1,479330906;0,64467342;2,8143124
S011.20;33;1,620967986;0,666324;2,996919167
S011.23;34;1,574852264;0,67639494;3,090186538
S004.38;15;0,922129328;0,45257732;1,826741998
S011.52;33;1,800949536;0,7179397;3,545341191
S007.10;10;1,497587809;0,72891094;3,688824625
S003.179;21;2,124376097;0,84120328;6,297359291
S007.121;25;1,701873613;0,69591234;3,288525421
S004.106;10;0,473769917;0,23848984;1,313180116
S004.122;10;1,292584654;0,62340458;2,655369521
S003.6;6;0,142401247;0,05005616;1,05269381
S007.99;23;1,686114279;0,74902894;3,984523156
S010.88;14;0,891014636;0,4136872;1,705574226
S010.98;24;1,376215482;0,64167856;2,790790303
S004.194;31;1,500081011;0,56211712;2,283715682
S006.76;24;1,792995671;0,75662314;4,108854063
S007.131;30;1,807800148;0,70555648;3,396237078
S007.124;30;2,08579464;0,8170469;5,465881693
S005.56;11;1,124347106;0,55284588;2,236365395
S003.20;8;0,795206328;0,38942604;1,637803224
S011.39;37;1,485225734;0,60303926;2,51914081
S007.31;9;1,419030224;0,71656434;3,528137567
S007.86;15;0,930768785;0,50504608;2,0203901
S003.166;22;1,676079115;0,66190264;2,957727916
S005.199;21;1,664330305;0,73919306;3,834253797
S009.193;18;1,319483927;0,58835008;2,42924862
S009.159;19;1,622288986;0,71899192;3,558616535
S006.176;33;2,015150941;0,7845302;4,641021619
S010.133;24;1,74800523;0,77038056;4,355031961
S011.30;29;1,582477208;0,64470036;2,81452579
S003.1;1;0;0;1
S005.3;9;0,194247171;0,0649933;1,069511053
S005.31;13;0,98364212;0,51329402;2,054628546
S011.26;31;1,533046592;0,55180886;2,231190916
S009.90;15;0,860901784;0,37675986;1,604517963
S007.67;14;0,91622644;0,54444118;2,195106221
S003.101;13;0,922025198;0,45379808;1,830824762
S003.80;15;1,132476546;0,56739026;2,311552209
S005.66;16;0,752374491;0,44652348;1,806761378
S005.126;22;1,971697918;0,82304712;5,651221952
S011.22;33;1,420372449;0,55918626;2,268531829
S010.136;27;1,797817122;0,78495474;4,650183873
S009.199;25;2,005494546;0,79375116;4,848512118
S006.20;5;0,649822854;0,41594462;1,712166404
S009.31;12;1,260025753;0,58481002;2,408535967
S005.69;15;1,281312522;0,67236706;3,052196156
S009.192;25;1,940236255;0,79461154;4,868822718
S003.162;18;1,525973745;0,67972014;3,12226938
S006.13;5;1,171930441;0,63091616;2,709411498
S005.76;11;1,31073327;0,63444992;2,735603286
S006.188;26;1,689520351;0,73931282;3,836015258
S004.19;12;0,980012978;0,4804438;1,924719597
S004.124;13;1,413722766;0,73091342;3,716276003
S009.191;23;1,540819077;0,66713386;3,004210642
S006.52;19;1,442745741;0,65657352;2,911831377
S006.128;16;1,415612483;0,67039956;3,033976532
S009.21;11;1,614184022;0,7649113;4,253713598
S007.125;40;2,33277256;0,86301934;7,300300641
S009.96;14;1,499822387;0,74480662;3,918596948
S009.141;24;1,579601081;0,71760486;3,541137429
S011.27;35;1,579196563;0,66611184;2,995014858
S003.128;15;0,63430245;0,29347338;1,415374838
S006.184;33;2,065391517;0,79542022;4,888068606
S010.103;15;0,615830742;0,25742028;1,34665676
S011.87;36;2,119266961;0,82393656;5,679770883
S006.151;24;1,609491101;0,65887226;2,931453185
S010.38;11;0,715035243;0,46542248;1,870636087
S003.164;24;1,664806217;0,64552746;2,821092996
S009.124;18;1,566468226;0,73792364;3,815681811
S010.78;16;1,205738142;0,62422582;2,661172729
S007.50;15;1,41648856;0,7112717;3,463463748
S007.73;22;1,790812983;0,7930564;4,832234483
S003.105;16;1,276687409;0,63487114;2,738759133
S005.149;22;1,964792079;0,8320613;5,954553656
S005.35;12;1,295415284;0,68324878;3,157051771
S007.84;24;1,693288623;0,75965668;4,160714764
S004.114;22;1,250609229;0,62666314;2,678546126
S010.84;11;1,300296649;0,6755966;3,082581749
S004.102;14;0,787335128;0,50286166;2,01151253
S004.112;15;1,260008791;0,63237512;2,720164098
S003.99;12;1,406997553;0,68072844;3,132129902
S009.185;17;0,811452022;0,50308484;2,012415963
S004.63;14;0,465310414;0,20007738;1,250120918
S004.56;12;0,406938745;0,19130782;1,236564449
S007.72;18;1,395249524;0,6237114;2,657534669
S011.16;28;1,44855332;0,64095412;2,785159379
S010.64;12;1,057513118;0,60362182;2,52284321
S010.9;10;0,855155961;0,51810146;2,075125606
S003.97;15;1,068719858;0,50231058;2,009285229
S010.171;38;1,81758826;0,71917166;3,560894175
S009.76;13;1,553564114;0,72629858;3,653616412
S009.78;15;1,302423612;0,642475;2,797007202
S007.130;31;1,808532389;0,74386438;3,904181699
S010.29;8;0,951946935;0,54984266;2,221445506
S005.62;13;1,468410843;0,66351632;2,971912338
S006.96;20;1,330364433;0,58279162;2,396883783
S007.24;10;1,036162555;0,5143285;2,059004904
S005.12;12;1,07711032;0,58357422;2,40138831
S011.79;34;2,085953366;0,82818802;5,820315906
S005.181;20;1,944767711;0,82738208;5,793141291
S004.121;27;0,374570747;0,12116076;1,137864531
S004.13;13;1,449596999;0,68842852;3,20953638
S007.60;11;1,414586616;0,72704134;3,66355843
S003.174;21;1,750881442;0,7609804;4,183757315
S006.131;16;1,340314295;0,66890938;3,020321143
S005.29;14;1,004845872;0,45760048;1,843659449
S005.1;6;0,007699739;0,0015992;1,001601762
S007.19;9;1,387499795;0,69891144;3,321281951
S004.116;24;1,627770564;0,70421814;3,380869942
S007.63;16;1,335854434;0,61958622;2,628716552
S009.229;27;2,406444214;0,8928341;9,331326476
S010.93;20;1,278459219;0,5839884;2,403779125
S005.19;11;0,343808073;0,14023366;1,163106711
S004.95;12;0,795102508;0,51139788;2,046655057
S007.68;18;1,120552329;0,60912534;2,558364873
S009.182;27;1,974158788;0,79126126;4,790677571
S011.56;36;2,13682606;0,80885684;5,231680799
S006.93;21;1,795311183;0,7561086;4,100185574
S003.122;19;1,162444454;0,59639124;2,477646917
S003.9;8;0,73578376;0,4054389;1,681912927
S004.96;13;0,813927314;0,5179902;2,074646615
S006.49;16;1,177568624;0,5494151;2,219337577
S009.74;14;1,230073425;0,58673354;2,41974633
S007.89;21;1,292955365;0,62147144;2,641808586
S003.142;18;1,439486349;0,64253654;2,797488728
S006.183;32;1,979754103;0,7695085;4,338554784
S010.137;32;1,839869681;0,77300904;4,405461786
S005.7;13;0,682962926;0,29417918;1,416790171
S006.10;4;0,695742916;0,366907;1,579546765
S007.7;8;1,6282879;0,77253938;4,396365402
S007.54;11;1,386506321;0,7317497;3,727861628
S004.49;11;0,419096396;0,1817035;1,222050931
S009.244;27;1,906091722;0,79023162;4,767162715
S007.118;26;1,857821582;0,80135046;5,033991018
S011.25;34;1,39339176;0,52083762;2,086975192
S005.182;15;1,908750192;0,82338222;5,661944115
S003.60;11;1,446963762;0,69961132;3,329020255
S009.215;22;2,058180466;0,81122182;5,29722238
S007.48;13;1,440431424;0,72966302;3,699086969
S011.4;14;1,599061222;0,6779511;3,105118508
S006.44;14;1,019086589;0,55632156;2,253884593
S005.177;19;1,838673473;0,78511898;4,653738148
S009.12;10;1,334042937;0,68561148;3,180777721
S011.17;34;1,429264594;0,5707812;2,329814072
S003.194;17;1,708801637;0,7359997;3,787874483
S006.81;21;1,880558729;0,79175078;4,801938754
S004.61;11;0,819104846;0,4507144;1,820546543
S007.137;32;1,741388273;0,72200076;3,597132136
S009.4;8;0,488755348;0,19762786;1,246304489
S010.139;23;1,481072999;0,69382462;3,266101932
S009.195;17;1,385656422;0,65755762;2,920199305
S007.61;23;1,443721265;0,69404044;3,268405798
S003.29;9;0,661987934;0,27864844;1,386286598
S003.169;16;1,613662097;0,7000031;3,333367778
S007.128;29;1,553201646;0,6882171;3,207359993
S005.180;20;1,867953582;0,76295698;4,218643519
S011.9;20;1,829740926;0,7974099;4,936075356
S005.5;11;1,547500394;0,73517016;3,776009531
S007.90;21;1,663476438;0,7427745;3,887639445
S009.104;12;0,883200089;0,50813962;2,033097279
S003.13;11;0,995505656;0,52760236;2,116860702
S003.141;18;1,467625728;0,70609914;3,402507907
S006.28;5;0,759864722;0,44962104;1,81692992
S005.44;14;1,256501546;0,5717722;2,335205701
S010.57;14;1,249981004;0,618482;2,621108309
S006.124;15;1,217980165;0,4926329;1,970959489
S009.128;18;0,632490348;0,2612441;1,353627091
S007.88;16;1,628226241;0,73674266;3,798564553
S005.25;13;1,048467438;0,57700604;2,364099951
S009.16;10;1,222520379;0,64055588;2,782073609
S006.47;14;1,188044347;0,56771324;2,313279269
S010.144;26;1,638916463;0,69653014;3,295220158
S006.78;18;1,471332591;0,64723854;2,834776792
S005.64;14;1,197664818;0,59988458;2,499278833
S003.4;7;0,788635378;0,4906267;1,963196736
S006.132;18;1,445587926;0,70449854;3,384078035
S003.43;9;1,226623942;0,66056874;2,94610461
S010.157;25;1,921501678;0,80266986;5,067649574
S006.186;26;1,739626428;0,7419569;3,875321603
S005.26;12;0,747854664;0,32338902;1,477954141
S009.179;24;1,588924882;0,6684526;3,016159982
S004.208;23;1,410313361;0,61675422;2,609291614
S009.123;14;1,09857556;0,5860898;2,415982984
S003.195;22;1,488661592;0,63774548;2,760490055
S005.43;13;1,123676054;0,53078738;2,131229974
S003.190;20;1,736252545;0,77371658;4,419236725
S011.21;30;1,706297554;0,7305071;3,710672897
S007.109;24;1,545212019;0,62679946;2,679524526
S006.66;22;1,889735444;0,80232694;5,058858299
S007.4;6;0,772340548;0,50385976;2,015559149
S009.89;12;0,773112094;0,33701462;1,508328887
S009.94;10;1,435205405;0,69864934;3,318393263
S011.34;30;0,826401485;0,31909996;1,468644355
S006.43;7;0,798600985;0,47339454;1,898954865
S004.72;14;0,691157542;0,37930818;1,611105492
S011.15;28;1,439330642;0,64803524;2,841193533
S011.11;30;1,68712501;0,71565234;3,516821626
S009.201;24;1,792231037;0,75242252;4,039139586
S009.119;18;1,59545194;0,72105858;3,584982108
S011.10;34;1,796395852;0,7215861;3,591774692
S006.61;16;1,243008274;0,5657455;2,302797092
S009.121;25;1,347148914;0,56855462;2,317790493
S005.106;14;0,881208766;0,49621164;1,98496051
S006.148;29;1,572712393;0,63384232;2,731063841
S010.146;26;1,559437164;0,69410792;3,269126811
S006.162;33;1,992938606;0,7844317;4,638900989
S004.75;13;0,755344228;0,3300532;1,492655835
S009.62;18;1,394404343;0,65336932;2,884914861
S004.3;9;0,911474018;0,54830872;2,213901495
S005.108;22;1,719853583;0,73601016;3,788024569
S009.46;14;1,154286998;0,5577763;2,261298976
S003.189;25;1,931676807;0,79896412;4,97423644
S004.153;21;1,623376325;0,67642996;3,090520989
S004.7;8;1,075940309;0,61131212;2,572758379
S010.141;23;1,593358265;0,71929452;3,562452717
S011.28;36;1,492679099;0,62123168;2,640136324
S005.39;13;1,312765506;0,66807206;3,012702094
S011.6;18;1,755762196;0,78275264;4,603047881
S004.226;32;2,180025151;0,81705116;5,466008967
S011.74;36;2,034857774;0,80875822;5,228982914
S003.192;17;1,780905526;0,7739166;4,423146503
S003.64;18;1,382615886;0,69447996;3,273107715
S011.13;26;1,586176683;0,69470812;3,275553873
S011.93;28;1,695132315;0,66168288;2,95580667
S010.143;25;1,587854808;0,69501992;3,278902675
S005.167;24;1,878428347;0,81366274;5,366613204
S010.50;9;1,023555512;0,56887342;2,319504402
S011.29;35;1,555244053;0,60717562;2,545666845
S005.47;17;1,608878069;0,74478606;3,918281266
S007.74;24;1,51427203;0,71778218;3,543362357
S009.116;25;1,424458613;0,60516482;2,53270238
S006.74;20;1,334954628;0,63060292;2,707113982
S004.78;16;0,835296429;0,40879062;1,69144813
S005.36;11;1,351951048;0,69787516;3,309890044
S003.110;14;1,445659885;0,6503225;2,859777938
S005.101;16;1,793411631;0,80768792;5,19988136
S007.129;28;1,943834681;0,80782848;5,203684708
S007.2;17;0,605118194;0,27543746;1,380143114
S004.113;15;1,102764305;0,5885622;2,430501038
S006.64;19;1,802933742;0,78644494;4,682633135
S006.136;19;1,490724061;0,71006006;3,44899016
S004.26;11;0,758105048;0,34790334;1,533514985
S010.123;19;1,247374823;0,6302797;2,704747345
S010.108;34;1,643365623;0,6818509;3,143180352
S006.111;12;1,303645507;0,63763872;2,759676751
S010.184;28;2,001256917;0,8157652;5,427856192
S009.64;18;1,549183811;0,7307563;3,714107331
S005.50;14;1,401223134;0,6173905;2,613630869
S010.82;15;1,194835145;0,62897538;2,695238931
S010.21;7;0,754514909;0,50884648;2,036023278
S005.183;19;1,698992154;0,7665164;4,282956062
S010.142;26;1,45756394;0,68121154;3,13687641
S004.178;26;1,845731537;0,803571;5,090897983
S010.95;20;1,252415817;0,51395228;2,057411153
S011.2;22;1,415165585;0,68410942;3,16565312
S010.7;10;1,018383747;0,57428334;2,348980188
S011.19;39;1,865978137;0,73820628;3,819801331
S006.7;5;0,826930015;0,43829566;1,780296018
S009.8;8;0,657432218;0,3686001;1,583782322
S003.133;21;1,093413851;0,53576568;2,154084601
S005.105;16;1,522073032;0,68885592;3,213945128
S004.85;12;0,938943877;0,52607528;2,110039755
S004.107;12;0,949980293;0,47680522;1,911334054
S011.12;30;1,929413587;0,7648235;4,252125531
S011.18;30;1,72457386;0,70258412;3,362295248
S009.181;33;2,15192942;0,76823008;4,314623744
S006.68;24;1,760375988;0,79347794;4,84209774
S006.1;4;0,124751071;0,0492148;1,05176227
FGFP_1;57;2,12526404;0,79389342;4,851858684
FGFP_2;40;2,329155625;0,8461827;6,501219304
FGFP_3;60;2,994716392;0,92314034;13,0107263
FGFP_4;57;2,475924096;0,8608052;7,18417642
FGFP_5;59;2,672406371;0,88777958;8,911034195
FGFP_6;71;2,812422944;0,88199752;8,474398165
FGFP_7;55;2,528920485;0,84261694;6,353923986
FGFP_8;43;2,185551174;0,76817272;4,313556196
FGFP_9;49;2,428869017;0,84834856;6,594068609
FGFP_10;56;2,715844053;0,88300582;8,547433727
FGFP_11;52;2,554911331;0,88227084;8,494072327
FGFP_12;44;2,283608707;0,82646964;5,762680375
FGFP_13;42;2,632474085;0,87130634;7,770390554
FGFP_14;46;2,318490517;0,82464378;5,702677669
FGFP_15;64;2,837381149;0,89706848;9,715197055
FGFP_16;48;2,839215329;0,90707444;10,76130184
FGFP_17;30;2,195380976;0,85213758;6,763043646
FGFP_18;45;2,470167608;0,87821432;8,211146007
FGFP_19;64;2,802191879;0,89659912;9,671097577
FGFP_20;55;2,91408863;0,92084438;12,63334176
FGFP_21;46;2,708640327;0,90253698;10,2603018
FGFP_22;35;2,373534435;0,86836566;7,596801868
FGFP_23;80;2,576055703;0,79409348;4,856572779
FGFP_24;53;2,767038189;0,88048738;8,367317192
FGFP_25;57;2,868304389;0,9093041;11,02585674
FGFP_26;56;2,901971755;0,91552602;11,83796478
FGFP_27;50;3,033342739;0,93211636;14,73108985
FGFP_28;49;2,40293211;0,84129572;6,301027294
FGFP_29;54;2,85474497;0,91037094;11,1570957
FGFP_30;45;2,675789306;0,89981172;9,981207383
FGFP_31;44;2,504536289;0,87151628;7,783087227
FGFP_32;45;2,451027788;0,82769264;5,803582621
FGFP_33;61;2,949683458;0,90569398;10,60377694
FGFP_34;68;2,745273351;0,8730409;7,87655237
FGFP_35;56;2,765865827;0,8897077;9,066816088
FGFP_36;67;2,879615403;0,90456114;10,47791225
FGFP_37;59;2,718933835;0,88037764;8,359641124
FGFP_38;35;2,077294365;0,81366232;5,366601108
FGFP_39;53;2,795314858;0,90378474;10,39336172
FGFP_40;60;2,606082399;0,86545206;7,432295136
FGFP_41;49;2,858428134;0,90972784;11,07761241
FGFP_42;59;2,562501942;0,85467488;6,881122823
FGFP_43;53;2,675038864;0,87980938;8,320116828
FGFP_44;46;2,13906773;0,74979768;3,996765498
FGFP_45;61;2,650453405;0,88917272;9,023049199
FGFP_46;43;2,707523675;0,90204926;10,20921332
FGFP_47;43;2,512263506;0,88300426;8,547319757
FGFP_48;46;2,582204453;0,8771932;8,142871567
FGFP_49;39;2,726570711;0,90654312;10,70012181
FGFP_50;64;2,948648002;0,90066878;10,06732828
FGFP_51;56;2,794731179;0,90943618;11,04193706
FGFP_52;64;2,930012665;0,88978676;9,073320048
FGFP_53;59;2,685365342;0,89178714;9,241045842
FGFP_54;62;2,435163562;0,84414762;6,416328066
FGFP_55;46;2,559556689;0,86635256;7,482373026
FGFP_56;54;2,543497896;0,86046802;7,166815808
FGFP_57;61;2,791738451;0,88560408;8,741570504
FGFP_58;59;2,812490748;0,89485068;9,510284993
FGFP_59;47;2,65703097;0,89435344;9,465523534
FGFP_60;43;2,421921685;0,85157636;6,737471201
FGFP_61;51;2,536168675;0,8681941;7,586913788
FGFP_62;60;2,418969981;0,83790602;6,169260573
FGFP_63;60;2,82075503;0,9030857;10,31839471
FGFP_64;47;2,47324776;0,86731438;7,536611729
FGFP_65;58;2,461567379;0,8342014;6,031414017
FGFP_66;56;2,984659289;0,92268328;12,93381302
FGFP_67;48;2,586086079;0,87758876;8,169184464
FGFP_68;38;2,390226017;0,86127552;7,208533058
FGFP_69;62;2,674575414;0,88219258;8,488429676
FGFP_70;77;2,651242789;0,86271362;7,284043763
FGFP_71;58;2,759004102;0,89825708;9,828693731
FGFP_72;52;2,550210769;0,8574179;7,013503098
FGFP_73;43;2,312998913;0,83077486;5,909287473
FGFP_74;53;2,067094579;0,68341014;3,158660862
FGFP_75;60;2,683594673;0,8837875;8,60492632
FGFP_76;51;2,581290637;0,86482334;7,397726797
FGFP_77;61;2,660078937;0,85742986;7,01409145
FGFP_78;78;3,107257674;0,91050392;11,17367375
FGFP_79;71;2,886451924;0,88901766;9,010442562
FGFP_80;43;2,490113085;0,87195574;7,809799518
FGFP_81;66;2,441848149;0,83835664;6,186458881
FGFP_82;56;2,521774961;0,84699164;6,535590604
FGFP_83;54;2,294289043;0,76973622;4,34284541
FGFP_84;47;2,229321027;0,80959254;5,251895068
FGFP_85;54;2,624353366;0,88831372;8,953651245
FGFP_86;64;2,733300436;0,89627608;9,640977703
FGFP_87;30;2,588155427;0,8972724;9,734482262
FGFP_88;46;2,465598874;0,87248104;7,841971108
FGFP_89;54;2,614996343;0,87809886;8,20336873
FGFP_90;34;1,570160553;0,60064404;2,504031742
FGFP_91;43;2,368974656;0,83034062;5,894162763
FGFP_92;17;0,89079991;0,4467602;1,807534454
FGFP_93;51;2,266710435;0,79599232;4,901776247
FGFP_94;43;2,35918163;0,84625884;6,504439019
FGFP_95;60;2,544884517;0,83794334;6,170681291
FGFP_96;41;2,687496684;0,89261828;9,312572009
FGFP_97;59;2,280540486;0,81030746;5,271688597
FGFP_98;61;2,549831689;0,87025306;7,707310862
FGFP_99;48;2,23135789;0,80735502;5,190895709
FGFP_100;48;2,219882895;0,81152698;5,305799207
FGFP_101;45;2,403665434;0,84550134;6,472548047
FGFP_102;54;2,647132372;0,88350578;8,584116877
FGFP_103;71;2,824218548;0,88149484;8,438451119
FGFP_104;47;2,286503293;0,81765078;5,483982876
FGFP_105;56;2,556123769;0,86035774;7,161155942
FGFP_106;39;2,256140308;0,8463444;6,508060884
FGFP_107;33;2,581502987;0,89679044;9,689024931
FGFP_108;57;2,965775296;0,91802974;12,19954652
FGFP_109;80;2,838502905;0,8618893;7,240568616
FGFP_110;46;2,455082058;0,85876608;7,080452061
FGFP_111;51;2,661332912;0,8771231;8,138226143
FGFP_112;43;1,766640127;0,65014144;2,858297936
FGFP_113;56;2,826717559;0,90928856;11,02396787
FGFP_114;55;2,71124211;0,88273824;8,52792931
FGFP_115;41;2,129154235;0,7790491;4,525892404
FGFP_116;62;2,729212408;0,89423774;9,455168602
FGFP_117;45;2,655000947;0,89533434;9,554232018
FGFP_118;51;2,665986664;0,87779022;8,182651176
FGFP_119;26;0,996807844;0,36798004;1,582228511
FGFP_120;56;2,888259574;0,9162122;11,93491177
FGFP_121;54;2,62477209;0,8857751;8,754658573
FGFP_122;56;2,455704642;0,83624692;6,106755366
FGFP_123;64;2,729756376;0,86828944;7,592405651
FGFP_124;73;2,187584277;0,74885168;3,981710887
FGFP_125;64;2,905698496;0,9125813;11,43920008
FGFP_126;54;2,59447608;0,86684522;7,510057093
FGFP_127;60;2,559838123;0,87968908;8,311797466
FGFP_128;46;2,227796542;0,82458658;5,700818102
FGFP_129;52;2,280542373;0,78732576;4,702026912
FGFP_130;43;2,661049947;0,89470014;9,49668879
FGFP_131;50;2,447085932;0,85410598;6,854290532
FGFP_132;46;2,251371229;0,81011478;5,266339318
FGFP_133;47;2,50682726;0,8776056;8,170308445
FGFP_134;38;2,504143834;0,87685092;8,120239307
FGFP_135;51;2,075924883;0,74835252;3,973812891
FGFP_136;45;2,580150437;0,86539902;7,429366413
FGFP_137;50;2,59466599;0,88022782;8,34918426
FGFP_138;61;2,08837958;0,76622278;4,277576746
FGFP_139;42;2,625514241;0,89573158;9,590631564
FGFP_140;63;2,183595883;0,77963284;4,537881234
FGFP_141;59;2,939677345;0,91453966;11,70133421
FGFP_142;49;2,546711958;0,88067938;8,380781126
FGFP_143;55;2,699063447;0,89263014;9,31360067
FGFP_144;53;2,586871573;0,87121352;7,764790217
FGFP_145;56;2,750380589;0,87990584;8,326799571
FGFP_146;50;2,849937681;0,90887162;10,97352987
FGFP_147;41;2,481431929;0,87093266;7,747893464
FGFP_148;66;2,562471157;0,86893294;7,629682088
FGFP_149;49;2,530752167;0,84527862;6,463230873
FGFP_150;65;2,69501198;0,87646484;8,094861414
FGFP_151;45;2,480644818;0,87124874;7,766914281
FGFP_152;53;2,471475227;0,86647262;7,489100737
FGFP_153;44;2,12499489;0,80179172;5,04519791
FGFP_154;70;2,340375147;0,75629882;4,103385958
FGFP_155;36;2,468856507;0,87932072;8,286426634
FGFP_156;46;2,509734844;0,87148756;7,78134786
FGFP_157;54;2,692226595;0,89788444;9,792826872
FGFP_158;46;2,698587161;0,89880784;9,882188502
FGFP_159;63;2,727865984;0,88611548;8,780824646
FGFP_160;55;2,701556355;0,88211748;8,48302191
FGFP_161;52;2,56935234;0,8673742;7,540011069
FGFP_162;54;2,38566684;0,82935456;5,86010385
FGFP_163;40;2,39929082;0,8559561;6,942327999
FGFP_164;47;2,67057459;0,89788594;9,792970723
FGFP_165;54;2,96373005;0,92383754;13,129828
FGFP_166;70;2,752455256;0,87569274;8,044582432
FGFP_167;51;2,801679996;0,89738584;9,745243736
FGFP_168;46;2,551074652;0,88276102;8,52958632
FGFP_169;47;2,585169685;0,88111912;8,411781609
FGFP_170;58;2,899969296;0,91223214;11,39369241
FGFP_171;41;2,250053411;0,79368722;4,847009478
FGFP_172;49;2,72050014;0,89359226;9,397812603
FGFP_173;61;2,805726319;0,8948204;9,507547091
FGFP_174;53;2,863291322;0,91551978;11,83709039
FGFP_175;39;2,386849049;0,8217583;5,610359416
FGFP_176;64;2,927036936;0,91644342;11,96793837
FGFP_177;41;2,351488104;0,85273476;6,790468681
FGFP_178;43;2,61753015;0,8938324;9,419069471
FGFP_179;64;2,544877883;0,84335016;6,383664356
FGFP_180;55;2,450342821;0,85711798;6,998781232
FGFP_181;38;1,982899469;0,75563656;4,092265193
FGFP_182;49;2,530671234;0,87637776;8,089159362
FGFP_183;57;2,388028435;0,78761772;4,708490746
FGFP_184;56;2,939550118;0,92274686;12,94445766
FGFP_185;43;2,340089417;0,82198954;5,617647412
FGFP_186;43;1,69433802;0,6582527;2,9261387
FGFP_187;48;2,571151118;0,8651802;7,41730814
FGFP_188;49;2,475989024;0,85419446;6,85844996
FGFP_189;50;2,501601498;0,85131068;6,7254326
FGFP_190;59;2,671267997;0,86838862;7,598127153
FGFP_191;40;2,41585305;0,86789962;7,570000934
FGFP_192;52;2,53729807;0,876157;8,074739792
FGFP_193;39;2,381556076;0,84872672;6,610552769
FGFP_194;48;2,540384152;0,863026;7,300655599
FGFP_195;72;2,994199705;0,9154335;11,82501345
FGFP_196;51;2,724480231;0,90354398;10,36741927
FGFP_197;52;2,699091887;0,88479026;8,679821689
FGFP_198;60;2,694746235;0,87502124;8,001359591
FGFP_199;51;2,485784581;0,86535002;7,426662819
FGFP_200;42;2,178144947;0,77966458;4,53853493
FGFP_201;56;3,005286738;0,92420326;13,19317955
FGFP_202;57;2,185970734;0,7871987;4,699219413
FGFP_203;60;2,711498647;0,88449324;8,657501951
FGFP_204;48;2,479460443;0,86231734;7,263078735
FGFP_205;50;2,746475952;0,88889724;9,000676491
FGFP_206;52;2,671118529;0,88220692;8,489463048
FGFP_207;48;2,460712724;0,86514832;7,41555463
FGFP_208;57;2,774042422;0,89524858;9,546409968
FGFP_209;50;2,817398004;0,9111306;11,2524671
FGFP_210;43;2,113972847;0,81523098;5,41216271
FGFP_211;33;2,464364426;0,84874512;6,611356936
FGFP_212;46;2,300947334;0,820905;5,5836288
FGFP_213;59;2,791846868;0,8944825;9,477100955
FGFP_214;46;2,328993633;0,82947024;5,864079091
FGFP_215;48;2,432367934;0,85199486;6,756522105
FGFP_216;56;2,92961347;0,9200214;12,50334464
FGFP_217;62;2,641255788;0,88511648;8,704468665
FGFP_218;54;2,631709318;0,88303564;8,549612891
FGFP_219;52;2,130417602;0,7944;4,86381323
FGFP_220;54;2,754242434;0,90567588;10,60174216
FGFP_221;48;2,269640881;0,78843728;4,726730683
FGFP_222;44;2,409779124;0,82801788;5,814557932
FGFP_223;47;2,314972084;0,80814808;5,212353361
FGFP_224;48;2,472128191;0,84809384;6,583011512
FGFP_225;56;2,664657098;0,89702522;9,711115673
FGFP_226;44;2,42313771;0,86308774;7,303947798
FGFP_227;51;2,329006848;0,8337638;6,015536929
FGFP_228;54;2,809518522;0,89902584;9,903523832
FGFP_229;59;2,843503823;0,90950668;11,05053942
FGFP_230;50;2,257007827;0,76966606;4,341522574
FGFP_231;60;2,736094604;0,89535928;9,556509168
FGFP_232;55;2,406898403;0,81588078;5,431263504
FGFP_233;52;2,280228939;0,77347588;4,414540933
FGFP_234;66;2,887847912;0,90376668;10,39141121
FGFP_235;80;3,073575924;0,91424556;11,66120378
FGFP_236;46;2,542294905;0,88353588;8,586335431
FGFP_237;44;2,244489837;0,82652242;5,764433652
FGFP_238;60;2,943348473;0,91463892;11,71494081
FGFP_239;50;2,539621022;0,8582296;7,053658592
FGFP_240;41;2,489850462;0,88380386;8,606137863
FGFP_241;49;2,482456347;0,85242888;6,776393647
FGFP_242;57;2,522113928;0,84228142;6,340407072
FGFP_243;48;2,352873063;0,84492274;6,448398688
FGFP_244;43;2,541288311;0,87819076;8,20955783
FGFP_245;50;2,573541395;0,86000714;7,143221447
FGFP_246;44;2,474587893;0,85170188;6,743173818
FGFP_247;37;2,103019471;0,77959378;4,537077039
FGFP_248;41;2,326082749;0,85334328;6,818644246
FGFP_249;51;2,430489211;0,81886476;5,520736881
FGFP_250;63;2,660489752;0,88050422;8,36849636
FGFP_251;54;2,758561277;0,90479478;10,50362575
FGFP_252;43;2,230653939;0,76849162;4,319498067
FGFP_253;50;2,408662333;0,86088106;7,188093871
FGFP_254;71;2,793607358;0,85811926;7,048172994
FGFP_255;50;2,588718408;0,88755012;8,892850753
FGFP_256;53;2,638781163;0,89169264;9,232982874
FGFP_257;56;2,563386059;0,87606642;8,068838163
FGFP_258;40;2,67771476;0,88854372;8,972127905
FGFP_259;63;2,652965907;0,86349038;7,325491053
FGFP_260;56;2,565806838;0,87241458;7,837886179
FGFP_261;52;2,585476533;0,84445756;6,429113495
FGFP_262;57;2,812701934;0,89201228;9,260312191
FGFP_263;41;1,951375746;0,76204444;4,202465368
FGFP_264;48;2,846000579;0,91900898;12,34704786
FGFP_265;61;2,64694685;0,8815066;8,439288602
FGFP_266;44;2,789290568;0,91515724;11,78650954
FGFP_267;56;2,900025949;0,91905852;12,35460483
FGFP_268;52;2,579894338;0,86438052;7,373571997
FGFP_269;51;2,790635421;0,89969412;9,969505277
FGFP_270;44;2,51878917;0,87200328;7,8127002
FGFP_271;46;2,695486517;0,88604848;8,77566179
FGFP_272;63;3,143939019;0,9319231;14,68927052
FGFP_273;60;2,683678065;0,8652308;7,420093018
FGFP_274;36;2,216659094;0,83630252;6,108829531
FGFP_275;38;2,16000233;0,78234894;4,59451013
FGFP_276;53;2,634861043;0,85424016;6,860600286
FGFP_277;51;2,791478239;0,90391018;10,40692968
FGFP_278;17;1,08394362;0,49603478;1,984263914
FGFP_279;65;2,629166034;0,85874498;7,079394417
FGFP_280;59;2,72673824;0,88484874;8,684229769
FGFP_281;45;2,447166806;0,8580814;7,046292734
FGFP_282;42;2,284260006;0,83329564;5,998643347
FGFP_283;67;2,714346615;0,85477632;6,885929347
FGFP_284;56;2,677712778;0,87166682;7,792217102
FGFP_285;54;2,424002615;0,84575498;6,483191483
FGFP_286;67;2,662670143;0,87681406;8,117809549
FGFP_287;66;2,570118072;0,81212614;5,322720255
FGFP_288;60;2,63867602;0,87311796;7,881336082
FGFP_289;25;2,121662265;0,822742;5,641494319
FGFP_290;50;2,533676228;0,87409946;7,942777688
FGFP_291;45;2,281215357;0,84048918;6,269167195
FGFP_292;62;2,724412795;0,87779722;8,183119893
FGFP_293;57;2,37613254;0,83264076;5,975170537
FGFP_294;65;2,91690261;0,9099678;11,10713722
FGFP_295;47;2,773026014;0,90095142;10,09605589
FGFP_296;50;2,297342087;0,82383142;5,676381112
FGFP_297;53;2,656999746;0,8852326;8,713275721
FGFP_298;74;2,696052424;0,82195538;5,616569599
FGFP_299;42;2,535716062;0,86373452;7,338615767
FGFP_300;48;2,712083743;0,88446008;8,655017244
FGFP_301;50;2,431802357;0,85495458;6,894392115
FGFP_302;64;2,974936442;0,91963118;12,44263634
FGFP_303;45;2,378769373;0,85194408;6,754204763
FGFP_304;63;2,568077667;0,86546114;7,43279674
FGFP_305;46;2,373354943;0,8495324;6,645949028
FGFP_306;40;2,024745402;0,7972636;4,932513352
FGFP_307;61;2,695014251;0,87617046;8,075617498
FGFP_308;64;2,790678876;0,8860436;8,775285987
FGFP_309;53;2,692207183;0,87081268;7,740697771
FGFP_310;57;2,702443777;0,88740016;8,881007291
FGFP_311;61;2,568557116;0,85778204;7,031460724
FGFP_312;42;2,128247341;0,79232918;4,815313004
FGFP_313;31;1,406056997;0,53588576;2,154641926
FGFP_314;41;2,480715819;0,85970852;7,128016612
FGFP_315;57;2,414240868;0,8451711;6,458742522
FGFP_316;48;2,023225677;0,78700278;4,694896957
FGFP_317;52;2,476379728;0,87235126;7,833998205
FGFP_318;43;2,465858308;0,87673674;8,112717447
FGFP_319;43;2,489282305;0,87248902;7,842461881
FGFP_320;58;2,441631621;0,85280118;6,79353272
FGFP_321;46;2,203305636;0,81406044;5,378091677
FGFP_322;44;2,193740667;0,81538426;5,41665624
FGFP_323;50;2,526276222;0,8818554;8,464204035
FGFP_324;52;2,398456984;0,8471506;6,542387474
FGFP_325;48;2,435065564;0,82634282;5,75847195
FGFP_326;65;2,718310481;0,86283902;7,290703231
FGFP_327;51;2,753641798;0,89143444;9,211024196
FGFP_328;55;2,567221403;0,84238786;6,344688931
FGFP_329;49;2,189560523;0,7550041;4,081700959
FGFP_330;50;2,653259152;0,89309352;9,353969937
FGFP_331;66;2,909455807;0,90529222;10,55879464
FGFP_332;60;2,831805678;0,90015328;10,01535153
FGFP_333;55;2,625347871;0,88200982;8,475281587
FGFP_334;37;2,2833602;0,81899314;5,524652491
FGFP_335;52;2,501129463;0,84815126;6,585500808
FGFP_336;82;2,857162508;0,88784854;8,916513436
FGFP_337;64;3,041768612;0,93003376;14,29260741
FGFP_338;55;2,794187724;0,90328178;10,33931352
FGFP_339;59;2,408146626;0,80127062;5,0319686
FGFP_340;45;2,370657523;0,85611152;6,949826699
FGFP_341;66;2,735650779;0,87229328;7,830441499
FGFP_342;35;2,088871628;0,81177942;5,312915304
FGFP_343;39;2,573908664;0,89107866;9,180937363
FGFP_344;49;2,731176139;0,8953223;9,553133093
FGFP_345;66;2,870413974;0,89827404;9,830332395
FGFP_346;59;2,969605105;0,9178055;12,16626417
FGFP_347;49;2,565456839;0,88471168;8,673905561
FGFP_348;44;2,314451591;0,83143884;5,932564774
FGFP_349;53;2,748832639;0,88173526;8,455605618
FGFP_350;56;2,455377932;0,82113348;5,5907612
FGFP_351;60;2,85524732;0,89948412;9,948676766
FGFP_352;59;2,600311938;0,88266876;8,522879329
FGFP_353;41;2,662081332;0,890512;9,133421014
FGFP_354;53;2,779591441;0,90355848;10,36897801
FGFP_355;44;2,639685696;0,88311858;8,555679765
FGFP_356;61;3,043150191;0,92386672;13,13486034
FGFP_357;43;2,693106221;0,90149566;10,15183696
FGFP_358;51;2,740075529;0,90667528;10,71527458
FGFP_359;39;1,887507191;0,6596938;2,938530065
FGFP_360;58;2,793941205;0,89464968;9,492140128
FGFP_361;55;2,693169096;0,87177364;7,798708471
FGFP_362;57;2,196850573;0,75825602;4,136607662
FGFP_363;49;2,377908916;0,81239702;5,330405732
FGFP_364;59;2,806302809;0,89921892;9,922497358
FGFP_365;53;2,497732347;0,86974016;7,676963214
FGFP_366;49;2,499221042;0,8587629;7,080292643
FGFP_367;70;2,951194438;0,8932832;9,37059582
FGFP_368;58;2,741438147;0,90195902;10,19981644
FGFP_369;65;2,71486485;0,85977;7,131141696
FGFP_370;46;1,724486508;0,62515522;2,66777091
FGFP_371;40;2,414258718;0,865486;7,434170421
FGFP_372;43;2,271456281;0,8438621;6,404594913
FGFP_373;47;2,751737773;0,90276712;10,28458686
FGFP_374;48;2,400630792;0,85080918;6,702825281
FGFP_375;63;2,762705804;0,87798598;8,195779469
FGFP_376;52;2,670255738;0,89113948;9,186066721
FGFP_377;65;2,957085204;0,91619486;11,93244233
FGFP_378;49;2,669144939;0,89598992;9,614452753
FGFP_379;43;2,21752088;0,81111064;5,294104443
FGFP_380;58;2,586420943;0,85857912;7,071091624
FGFP_381;55;2,415324533;0,83898364;6,21054904
FGFP_382;40;2,28064163;0,78209278;4,589109071
FGFP_383;56;2,728444653;0,9046565;10,48839197
FGFP_384;57;2,521883904;0,86049426;7,168163833
FGFP_385;69;2,982836679;0,90683674;10,73384508
FGFP_386;51;2,445323285;0,86172458;7,23194332
FGFP_387;53;2,624304161;0,8488944;6,617888417
FGFP_388;39;2,284287454;0,81757412;5,481678367
FGFP_389;44;2,464502926;0,83602358;6,098437812
FGFP_390;53;2,349948865;0,83941254;6,227136291
FGFP_391;52;2,627132828;0,89198212;9,257726591
FGFP_392;45;2,251212579;0,80297174;5,075414055
FGFP_393;45;2,050409853;0,78087434;4,563591503
FGFP_394;62;2,797532403;0,87466864;7,978849029
FGFP_395;50;2,423213187;0,86128024;7,208778331
FGFP_396;50;2,614011654;0,8814759;8,437102665
FGFP_397;37;1,810944674;0,73114552;3,719484235
FGFP_398;62;2,983393383;0,92083346;12,63159916
FGFP_399;60;2,772886615;0,88616468;8,784619747
FGFP_400;73;2,70037157;0,84482324;6,444263948
FGFP_401;59;2,822039436;0,91092974;11,22709196
FGFP_402;53;2,682555387;0,88338494;8,57522176
FGFP_403;50;2,2439666;0,78389128;4,627300555
FGFP_404;48;2,521821213;0,8754726;8,03036119
FGFP_405;41;2,495782397;0,87590606;8,058411233
FGFP_406;67;2,483409928;0,83429354;6,034767745
FGFP_407;51;2,46087;0,85648624;6,967972966
FGFP_408;41;2,428330601;0,85877386;7,080842116
FGFP_409;64;2,945158411;0,91387834;11,61148078
FGFP_410;53;2,326990236;0,81190496;5,316461295
FGFP_411;37;2,508620817;0,87406948;7,940886768
FGFP_412;59;2,540209788;0,82816888;5,81966759
FGFP_413;56;2,264174503;0,78328694;4,614396567
FGFP_414;56;2,361378933;0,82663134;5,768055195
FGFP_415;32;1,879301595;0,70931166;3,440110463
FGFP_416;62;2,567416409;0,82900636;5,848170727
FGFP_417;46;1,852310504;0,70038948;3,337666515
FGFP_418;51;2,861521787;0,91120242;11,26156816
FGFP_419;54;2,6446416;0,8854321;8,72844837
FGFP_420;47;2,415573647;0,84924244;6,633166522
FGFP_421;64;2,56261328;0,83875876;6,201887309
FGFP_422;33;2,345792151;0,86038136;7,162367432
FGFP_423;33;2,421664144;0,88261932;8,519289546
FGFP_424;51;2,678396094;0,89753686;9,759607211
FGFP_425;64;2,878427908;0,89458028;9,485891255
FGFP_426;78;3,248870057;0,93666374;15,78874408
FGFP_427;39;2,151949001;0,80461612;5,1181295
FGFP_428;61;2,628212141;0,85340506;6,82151785
FGFP_429;36;2,320677687;0,8529709;6,801374694
FGFP_430;61;2,393887662;0,84770276;6,566107173
FGFP_431;39;2,357876932;0,85492508;6,892990187
FGFP_432;60;2,863515261;0,90130712;10,13244319
FGFP_433;61;2,497213307;0,85337492;6,820115631
FGFP_434;53;2,678912329;0,89714748;9,722659202
FGFP_435;43;2,710695044;0,90469952;10,49312658
FGFP_436;70;2,27611003;0,78398374;4,629281148
FGFP_437;39;2,440881513;0,86133236;7,211487842
FGFP_438;56;2,700095314;0,89444552;9,473780743
FGFP_439;67;2,828475557;0,89952246;9,952472961
FGFP_440;47;2,295200297;0,8288641;5,843309323
FGFP_441;42;2,57691338;0,88229172;8,495579071
FGFP_442;44;2,385009179;0,86649702;7,490469501
FGFP_443;45;2,47177185;0,85741114;7,013170594
FGFP_444;46;2,313124172;0,83006;5,884429799
FGFP_445;58;2,783553893;0,90203866;10,20810863
FGFP_446;39;2,263135012;0,81153474;5,306017671
FGFP_447;42;2,49773815;0,8788329;8,253065395
FGFP_448;51;2,860793008;0,91591102;11,8921647
FGFP_449;57;2,713794071;0,88465666;8,669768016
FGFP_450;50;2,782624062;0,90252818;10,25937548
FGFP_451;60;2,558718738;0,8573974;7,012494863
FGFP_452;49;2,809552443;0,91311822;11,5098931
FGFP_453;56;2,736849192;0,89914782;9,915502074
FGFP_454;51;2,780730467;0,8938967;9,424777552
FGFP_455;33;1,788444154;0,69989394;3,332155305
FGFP_456;63;3,050132014;0,92506564;13,34501289
FGFP_457;55;2,83369137;0,90827778;10,90248361
FGFP_458;59;2,594167872;0,86328388;7,314426419
FGFP_459;61;2,820823779;0,89580116;9,597035821
FGFP_460;54;2,531318906;0,87240266;7,837153972
FGFP_461;46;2,401276523;0,86292776;7,295423202
FGFP_462;51;2,387586138;0,83410208;6,027803121
FGFP_463;49;2,655158953;0,89212896;9,270328718
FGFP_464;46;2,59150592;0,87151652;7,783101765
FGFP_465;58;2,728100539;0,90064864;10,06528748
FGFP_466;41;2,333395849;0,85176816;6,746188943
FGFP_467;58;2,143253565;0,77208682;4,387635678
FGFP_468;57;2,645719784;0,86960308;7,668892793
FGFP_469;51;2,531602613;0,87598538;8,063565409
FGFP_470;45;2,195197066;0,82312726;5,653782488
FGFP_471;51;2,385285379;0,8538777;6,843582396
FGFP_472;49;2,714609113;0,88720122;8,865344111
FGFP_473;47;2,857103109;0,9089917;10,98800879
FGFP_474;35;2,707765007;0,9088612;10,97227525
FGFP_475;45;2,243741587;0,82661428;5,767487657
FGFP_476;53;2,394189438;0,83903902;6,212685832
FGFP_477;23;1,629342654;0,70383548;3,376501682
FGFP_478;49;2,64874828;0,87772998;8,178619747
FGFP_479;61;2,508580555;0,84380096;6,402088003
FGFP_480;44;2,365175741;0,8537896;6,839458753
FGFP_481;58;2,460281523;0,8313251;5,928564357
FGFP_482;58;2,841264777;0,90455818;10,47758729
FGFP_483;52;2,77784186;0,90050682;10,05094017
FGFP_484;58;3,130225222;0,93589258;15,59881836
FGFP_485;47;2,477752362;0,85310862;6,807751415
FGFP_486;27;1,828668281;0,71124402;3,463131742
FGFP_487;62;2,758816524;0,89492534;9,517042453
FGFP_488;48;2,823534576;0,90930396;11,02583972
FGFP_489;59;2,574565341;0,86159004;7,224913583
FGFP_490;59;2,911308423;0,89688174;9,697603509
FGFP_491;51;2,666377948;0,9038597;10,40146536
FGFP_492;41;2,246207944;0,80214094;5,054102653
FGFP_493;54;2,682526956;0,88290146;8,539816124
FGFP_494;50;2,592073718;0,88437414;8,648584322
FGFP_495;50;2,451786219;0,84060284;6,273637498
FGFP_496;50;2,613585939;0,88673752;8,829049126
FGFP_497;76;2,863719811;0,89524118;9,545735624
FGFP_498;64;2,839691235;0,89691108;9,700363531
FGFP_499;53;2,735018665;0,89617022;9,631148212
FGFP_500;43;2,363293958;0,84651076;6,515114675
FGFP_501;40;2,027068901;0,7493965;3,990367253
FGFP_502;50;2,725588588;0,88420246;8,635762038
FGFP_503;53;2,493525694;0,86419754;7,363636859
FGFP_504;60;2,286172998;0,82604356;5,74856556
FGFP_505;49;2,453321236;0,86434466;7,37162282
FGFP_506;45;2,585666718;0,88861506;8,977874388
FGFP_507;64;2,40867682;0,80470056;5,120342383
FGFP_508;52;2,565147112;0,87939884;8,291794208
FGFP_509;42;2,095526394;0,78224546;4,592326755
FGFP_510;56;2,692805924;0,88720252;8,865446285
FGFP_511;53;2,708308479;0,88764166;8,90009589
FGFP_512;55;2,456425426;0,86239704;7,267285529
FGFP_513;61;2,731524152;0,89539616;9,55987849
FGFP_514;41;2,357523936;0,82854322;5,832373616
FGFP_515;62;2,714472196;0,85678232;6,982378153
FGFP_516;60;2,865412505;0,9063014;10,67251805
FGFP_517;54;2,600887911;0,8717651;7,798189105
FGFP_518;43;2,227526612;0,8287444;5,839225111
FGFP_519;41;2,552140438;0,88515034;8,707034919
FGFP_520;65;2,475886886;0,85191244;6,752761677
FGFP_521;46;2,600317694;0,8905142;9,13360454
FGFP_522;58;2,581936281;0,8641995;7,363743138
FGFP_523;47;2,259582327;0,78369204;4,623038375
FGFP_524;17;1,793129894;0,79906138;4,976644112
FGFP_525;54;2,654976395;0,88854686;8,972380679
FGFP_526;31;1,942742847;0,76858564;4,321253011
FGFP_527;53;2,846788344;0,90420586;10,43905191
FGFP_528;58;2,862249502;0,90673764;10,72243936
FGFP_529;53;2,408510246;0,85894598;7,089482455
FGFP_530;48;2,376078367;0,84206654;6,331780485
FGFP_531;73;2,630600659;0,86257294;7,276587304
FGFP_532;62;2,514209938;0,8479824;6,578185684
FGFP_533;36;1,819109951;0,72699344;3,662915646
FGFP_534;61;2,774326514;0,89653874;9,665453523
FGFP_535;46;2,391462235;0,84658022;6,518064359
FGFP_536;38;2,349091084;0,86788376;7,569092187
FGFP_537;45;2,652882883;0,88714694;8,861080063
FGFP_538;53;2,711208049;0,90108232;10,10941623
FGFP_539;63;2,634425195;0,87760384;8,17019096
FGFP_540;55;2,822492316;0,90692278;10,74376738
FGFP_541;60;2,428198401;0,83357306;6,008642591
FGFP_542;57;2,65744758;0,87889484;8,257286477
FGFP_543;52;2,398490908;0,8391849;6,218321538
FGFP_544;61;2,662496142;0,86382342;7,343406627
FGFP_545;60;2,790370142;0,88564548;8,744735232
FGFP_546;52;2,673112788;0,8808008;8,389318049
FGFP_547;44;1,952450051;0,70528042;3,393055867
FGFP_548;59;2,402145377;0,82729594;5,790251833
FGFP_549;54;2,541697274;0,86185648;7,238848409
FGFP_550;36;2,263791914;0,86204642;7,248815145
FGFP_551;53;2,690862946;0,89230426;9,285418346
FGFP_552;58;2,64068998;0,88804144;8,931876223
FGFP_553;60;3,004398693;0,92277712;12,94952998
FGFP_554;45;2,713213114;0,89543742;9,563650782
FGFP_555;59;2,878689949;0,9177612;12,1597105
FGFP_556;45;2,775537058;0,9080122;10,87100681
FGFP_557;58;2,921965749;0,91087648;11,22038268
FGFP_558;49;2,373515322;0,81197118;5,318333647
FGFP_559;30;2,227840733;0,83304344;5,989581961
FGFP_560;52;2,372345429;0,83132036;5,92839776
FGFP_561;42;2,434295422;0,86841198;7,599476001
FGFP_562;55;2,697468955;0,88529876;8,718301563
FGFP_563;42;2,65335147;0,89368394;9,40591666
FGFP_564;61;2,797153121;0,89059998;9,140766153
FGFP_565;49;2,674448717;0,88929738;9,033209873
FGFP_566;51;3,049251525;0,9332183;14,97416208
FGFP_567;44;2,563632322;0,87158744;7,787400236
FGFP_568;47;2,210576819;0,8064163;5,16572418
FGFP_569;54;2,529122425;0,86317164;7,308426411
FGFP_570;42;2,251343422;0,8012663;5,031859217
FGFP_571;49;2,574386333;0,87711132;8,13744602
FGFP_572;34;2,476289021;0,87732508;8,15162545
FGFP_573;54;2,751403565;0,9071713;10,77253048
FGFP_574;41;2,445988216;0,86103796;7,196209843
FGFP_575;48;2,444078366;0,87010894;7,698759253
FGFP_576;46;2,761370714;0,8936515;9,403047528
FGFP_577;68;2,693055704;0,86430336;7,369379227
FGFP_578;27;2,212943437;0,8245532;5,69973348
FGFP_579;63;2,771748267;0,89595916;9,61161021
FGFP_580;47;2,363091684;0,83673322;6,124944707
FGFP_581;49;2,49912939;0,86397742;7,351720575
FGFP_582;63;2,663093549;0,84306568;6,372092478
FGFP_583;42;1,900441016;0,7367321;3,798412188
FGFP_584;47;2,469306009;0,86871184;7,616833079
FGFP_585;48;2,534627008;0,8731072;7,880667776
FGFP_586;62;2,792418816;0,88941708;9,042987832
FGFP_587;76;2,513855051;0,78543076;4,660500266
FGFP_588;52;2,696300325;0,87833908;8,219566316
FGFP_589;60;2,795103601;0,9033562;10,34727525
FGFP_590;63;2,634590046;0,88425522;8,639698481
FGFP_591;49;2,495552379;0,87328668;7,891830156
FGFP_592;48;2,585831741;0,87023856;7,70644962
FGFP_593;69;2,780883809;0,89023368;9,110262601
FGFP_594;59;2,89935305;0,90833694;10,90952015
FGFP_595;41;2,113192408;0,7915914;4,798266482
FGFP_596;60;2,440768575;0,82105896;5,588432927
FGFP_597;61;2,846472656;0,9103201;11,15077069
FGFP_598;52;2,795176639;0,90290462;10,29915121
FGFP_599;51;2,836514977;0,9142184;11,65751163
FGFP_600;50;2,625267036;0,8882921;8,951918351
FGFP_601;54;2,695307126;0,87988286;8,325206544
FGFP_602;44;2,650174661;0,88997452;9,088803793
FGFP_603;67;2,964466058;0,903669;10,38087428
FGFP_604;55;2,765838295;0,90309418;10,31929764
FGFP_605;54;2,586035873;0,86305344;7,302118432
FGFP_606;40;2,490994179;0,85603226;6,946000542
FGFP_607;46;2,408977149;0,8585449;7,069381026
FGFP_608;47;2,342036396;0,84992146;6,663177827
FGFP_609;47;2,566168393;0,8800088;8,333944489
FGFP_610;42;2,66220671;0,89680022;9,689943137
FGFP_611;50;2,540598705;0,86828102;7,591920314
FGFP_612;57;2,33404493;0,82391776;5,679164463
FGFP_613;51;2,387252364;0,83070568;5,906872717
FGFP_614;53;2,83164915;0,91321198;11,52232762
FGFP_615;54;2,70077894;0,8891758;9,023299965
FGFP_616;68;2,4003232;0,78882328;4,735370452
FGFP_617;64;2,642045035;0,88594536;8,767727468
FGFP_618;60;2,767065026;0,90061118;10,06149384
FGFP_619;43;1,732589315;0,6049594;2,531385382
FGFP_620;43;2,472644733;0,867906;7,570366557
FGFP_621;61;2,800567233;0,875108;8,006917977
FGFP_622;58;2,881909969;0,90861988;10,94329926
FGFP_623;43;2,588742134;0,88110776;8,410977874
FGFP_624;48;2,386080657;0,85091174;6,707436253
FGFP_625;52;2,914041115;0,907645;10,82778409
FGFP_626;42;2,509187471;0,88188444;8,466285052
FGFP_627;42;2,304536884;0,8334928;6,005746298
FGFP_628;41;2,633523592;0,89525146;9,54667244
FGFP_629;72;2,662327815;0,8435563;6,392075871
FGFP_630;64;2,394352536;0,81776052;5,487285192
FGFP_631;44;2,543273132;0,85077252;6,70117863
FGFP_632;73;2,612140484;0,82081652;5,580871629
FGFP_633;50;2,31296775;0,81613762;5,438850514
FGFP_634;60;2,624648953;0,85609694;6,949122555
FGFP_635;49;2,195591234;0,80490222;5,125634951
FGFP_636;45;2,52727189;0,87976702;8,317185518
FGFP_637;35;2,170566825;0,824071;5,684111204
FGFP_638;43;1,755898143;0,64738952;2,835990581
FGFP_639;45;2,631110594;0,89428178;9,459107427
FGFP_640;64;3,145335234;0,93432212;15,22582641
FGFP_641;58;2,298304369;0,78916926;4,743141346
FGFP_642;63;2,765625691;0,87956804;8,303443704
FGFP_643;51;2,636443451;0,87362292;7,912827231
FGFP_644;55;2,685251652;0,88275526;8,529167279
FGFP_645;51;2,628119659;0,89035636;9,120456052
FGFP_646;46;2,651843399;0,88616186;8,784402134
FGFP_647;43;2,662620841;0,90823088;10,89691173
FGFP_648;57;2,706156413;0,88396518;8,618102738
FGFP_649;64;2,909567537;0,91385512;11,60835095
FGFP_650;43;1,957483696;0,73257878;3,739419033
FGFP_651;50;2,546064059;0,88087416;8,394484354
FGFP_652;62;2,731725493;0,86985922;7,683986526
FGFP_653;40;2,571722881;0,89902062;9,903011882
FGFP_654;54;2,420813426;0,83175418;5,943684069
FGFP_655;45;2,5526407;0,88122452;8,419246127
FGFP_656;66;2,734803712;0,86846984;7,602819004
FGFP_657;47;2,693425692;0,88867362;8,982596937
FGFP_658;33;2,228773123;0,83360912;6,009944776
FGFP_659;42;1,601496214;0,56102626;2,278040595
FGFP_660;44;2,371535177;0,85421716;6,859517897
FGFP_661;64;2,89828752;0,89447726;9,476630345
FGFP_662;60;2,647378587;0,86107676;7,198219679
FGFP_663;63;2,435861278;0,83414532;6,029374631
FGFP_664;51;2,317315718;0,82031668;5,565346856
FGFP_665;58;2,380749949;0,81696094;5,46331477
FGFP_666;63;2,964124099;0,91961818;12,44062401
FGFP_667;42;2,176636578;0,81642094;5,447244364
FGFP_668;57;2,789379461;0,89662816;9,673814455
FGFP_669;46;2,759050851;0,89915534;9,916241475
FGFP_670;48;2,344195049;0,84184786;6,323025411
FGFP_671;45;2,078535416;0,79713038;4,92927428
FGFP_672;53;2,779506927;0,90377916;10,39275899
FGFP_673;44;2,49981763;0,85347866;6,824944407
FGFP_674;55;2,573009151;0,8690444;7,636175925
FGFP_675;54;2,582735672;0,86933418;7,653110814
FGFP_676;66;2,6349593;0,83357688;6,008780511
FGFP_677;51;2,541357969;0,86038898;7,162758355
FGFP_678;60;2,854157624;0,91201678;11,36580362
FGFP_679;51;2,476378648;0,86422244;7,364987263
FGFP_680;44;2,550469746;0,86604296;7,465079849
FGFP_681;46;2,561011636;0,88764334;8,900228967
FGFP_682;70;2,326351726;0,78613716;4,675894139
FGFP_683;47;2,347427265;0,84035008;6,263704987
FGFP_684;54;2,654116743;0,88843312;8,963233533
FGFP_685;63;2,67725977;0,879596;8,305371915
FGFP_686;55;2,614938534;0,8550728;6,900016008
FGFP_687;64;3,040487497;0,912369;11,4114868
FGFP_688;48;2,634812454;0,88713524;8,860161489
FGFP_689;68;2,787501628;0,8894884;9,048823834
FGFP_690;46;2,01190299;0,72864618;3,685225437
FGFP_691;60;2,907782742;0,9193761;12,40327
FGFP_692;51;2,614564534;0,88403648;8,623401566
FGFP_693;50;2,698144203;0,88170574;8,453495546
FGFP_694;55;2,607415176;0,88631062;8,795896327
FGFP_695;50;2,606466478;0,88786056;8,917469179
FGFP_696;45;2,404980187;0,85144416;6,731475518
FGFP_697;55;2,344772908;0,79173564;4,801589672
FGFP_698;83;2,754145867;0,87004568;7,695011601
FGFP_699;54;2,887062809;0,91446486;11,69110146
FGFP_700;49;2,676594255;0,88465826;8,669888282
FGFP_701;51;2,860648312;0,897531;9,759049078
FGFP_702;60;2,599550135;0,86638928;7,484429393
FGFP_703;51;2,462305199;0,84626432;6,504670874
FGFP_704;56;2,760467305;0,90855442;10,93546566
FGFP_705;44;2,199515139;0,79211592;4,810373166
FGFP_706;41;2,288203049;0,81639164;5,4463751
FGFP_707;47;2,383334609;0,817812;5,488835708
FGFP_708;51;2,593970594;0,88118842;8,416688003
FGFP_709;42;2,589288289;0,88332876;8,571092585
FGFP_710;40;2,383484114;0,86930992;7,651690167
FGFP_711;64;2,846711881;0,9087815;10,96268849
FGFP_712;54;2,816447529;0,90100986;10,10201622
FGFP_713;57;2,533345111;0,86336182;7,318598652
FGFP_714;41;1,998757478;0,77510952;4,446608856
FGFP_715;58;2,8571815;0,90834008;10,90989388
FGFP_716;50;1,970765338;0,72212214;3,598703402
FGFP_717;59;2,811883999;0,8941718;9,449277225
FGFP_718;55;2,649608789;0,87750614;8,163674489
FGFP_719;47;1,652664154;0,6056334;2,535711696
FGFP_720;37;2,150946532;0,82173238;5,609543674
FGFP_721;52;2,627128939;0,88566014;8,745856432
FGFP_722;73;2,679659301;0,87993922;8,329114637
FGFP_723;45;2,633563399;0,8867645;8,831152775
FGFP_724;44;2,468037433;0,85062562;6,694588456
FGFP_725;38;2,112015598;0,80833972;5,217565163
FGFP_726;51;2,586295564;0,87706398;8,134312466
FGFP_727;42;2,562120663;0,87855724;8,23433196
FGFP_728;41;2,334731818;0,84764912;6,563795365
FGFP_729;60;2,7546911;0,89996736;9,996737065
FGFP_730;62;2,727676051;0,89461312;9,488847189
FGFP_731;51;2,559139995;0,88456484;8,662871867
FGFP_732;62;2,900199799;0,90434112;10,45381255
FGFP_733;44;2,032589149;0,73351078;3,752497005
FGFP_734;74;2,81416801;0,84217378;6,336082813
FGFP_735;62;2,668701637;0,8852129;8,711780331
FGFP_736;52;2,344552662;0,84412608;6,415441403
FGFP_737;58;2,377940475;0,80330076;5,08390373
FGFP_738;51;2,568873923;0,87518984;8,01216824
FGFP_739;54;2,79282149;0,88742932;8,883307803
FGFP_740;48;2,503574466;0,8616674;7,228953985
FGFP_741;50;2,600928269;0,8756855;8,044113921
FGFP_742;44;2,375058845;0,82290148;5,646574573
FGFP_743;51;2,474938643;0,82794908;5,812232797
FGFP_744;22;1,811197152;0,78320708;4,612696761
FGFP_745;47;2,541109005;0,87424248;7,951810755
FGFP_746;53;2,493884075;0,8648059;7,396772492
FGFP_747;43;2,445714592;0,86472466;7,392330339
FGFP_748;57;2,8050242;0,90211818;10,21640178
FGFP_749;44;2,460945194;0,85963972;7,124522693
FGFP_750;53;2,934971907;0,92057412;12,59035468
FGFP_751;38;2,134397204;0,78344474;4,617758996
FGFP_752;39;2,331134228;0,84974664;6,65542521
FGFP_753;12;1,528543133;0,75913726;4,151742191
FGFP_754;51;2,39569726;0,85408136;6,853134048
FGFP_755;53;2,44720034;0,84046844;6,268352168
FGFP_756;55;2,837744785;0,9083954;10,91648236
FGFP_757;61;2,689826685;0,881097;8,410216731
FGFP_758;42;2,528994198;0,88167174;8,45106655
FGFP_759;59;2,626637406;0,84990144;6,662289099
FGFP_760;39;2,131927026;0,76872608;4,323877072
FGFP_761;47;2,556557021;0,86587588;7,455780511
FGFP_762;55;2,760539005;0,89869228;9,870916057
FGFP_763;49;2,353515841;0,82406974;5,684070495
FGFP_764;45;2,263914741;0,8483189;6,592779193
FGFP_765;64;2,77231832;0,88339642;8,576066018
FGFP_766;48;2,445493821;0,86267664;7,282082233
FGFP_767;69;2,918071147;0,90449362;10,47050469
FGFP_768;63;2,551987641;0,8445285;6,432047031
FGFP_769;47;2,744136232;0,9068119;10,73098389
FGFP_770;77;2,766941459;0,87974958;8,315979271
FGFP_771;55;2,767903513;0,89470938;9,497522191
FGFP_772;64;2,818938177;0,8976016;9,76577759
FGFP_773;56;2,767858333;0,90227968;10,23328618
FGFP_774;50;1,663422943;0,58924028;2,434513296
FGFP_775;55;2,705256969;0,87978282;8,318278635
FGFP_776;51;2,847752295;0,90931292;11,02692908
FGFP_777;60;2,930469279;0,9168982;12,03343369
FGFP_778;45;2,495546541;0,87588166;8,056827057
FGFP_779;55;2,730093538;0,88298942;8,546235734
FGFP_780;53;2,71716741;0,89366314;9,404076818
FGFP_781;48;2,409141547;0,84864032;6,606779296
FGFP_782;45;2,468606967;0,87423842;7,951554044
FGFP_783;40;2,201380993;0,83797498;6,171886293
FGFP_784;59;2,02242314;0,68725174;3,197459836
FGFP_785;74;2,619215525;0,82947944;5,864395472
FGFP_786;36;2,123895278;0,7845254;4,640918234
FGFP_787;71;2,323880107;0,82056312;5,572990346
FGFP_788;51;2,77903905;0,89928418;9,928926756
FGFP_789;55;2,601013177;0,87375756;7,921266414
FGFP_790;54;2,586203024;0,8748587;7,990967011
FGFP_791;62;2,517565246;0,85019124;6,675177072
FGFP_792;52;2,824595759;0,91657994;11,98752434
FGFP_793;57;2,690628964;0,89192164;9,252546023
FGFP_794;65;2,925181556;0,9070747;10,76133195
FGFP_795;46;2,183920906;0,75521756;4,085260364
FGFP_796;60;2,593476362;0,87377208;7,922177597
FGFP_797;75;2,711281708;0,82832176;5,824850022
FGFP_798;42;2,804380667;0,91504912;11,77150843
FGFP_799;45;2,772023532;0,91086812;11,21933028
FGFP_800;61;2,855966261;0,8875131;8,889924071
FGFP_801;39;2,173347323;0,75735362;4,121223651
FGFP_802;61;2,951127476;0,90991724;11,10090321
FGFP_803;52;2,62081034;0,881074;8,408590216
FGFP_804;54;2,622281777;0,88450838;8,658636878
FGFP_805;63;2,789770643;0,88409824;8,627996676
FGFP_806;44;2,421696806;0,84782626;6,571436044
FGFP_807;58;2,658831004;0,88255428;8,514571668
FGFP_808;57;2,600637446;0,87436714;7,959700989
FGFP_809;54;2,439765183;0,86461638;7,386417943
FGFP_810;69;2,863275132;0,88288632;8,53871213
FGFP_811;50;2,717327469;0,887885;8,919413103
FGFP_812;62;2,727040622;0,89288542;9,335797237
FGFP_813;44;2,197398631;0,79587322;4,898916252
FGFP_814;49;2,577645065;0,8725059;7,843500209
FGFP_815;44;2,573487517;0,89625746;9,639247314
FGFP_816;47;2,383020628;0,8474551;6,555446954
FGFP_817;38;2,314853433;0,83769452;6,16122142
FGFP_818;43;2,512364501;0,8671021;7,524573376
FGFP_819;40;2,376345173;0,85587994;6,938659337
FGFP_820;63;2,744999235;0,88711018;8,858194654
FGFP_821;54;2,502845126;0,84954794;6,64663548
FGFP_822;33;1,441333812;0,5370661;2,160135605
FGFP_823;51;2,528370651;0,85193636;6,7538526
FGFP_824;50;2,473741272;0,85728804;7,007121197
FGFP_825;55;2,597207161;0,87922074;8,279567204
FGFP_826;64;2,673170361;0,88258334;8,516678979
FGFP_827;60;2,50293728;0,84432876;6,423794145
FGFP_828;50;2,769544253;0,90404502;10,42155394
FGFP_829;49;2,382830899;0,85152392;6,735091605
FGFP_830;54;2,652506555;0,88378196;8,604516132
FGFP_831;38;1,790862893;0,72329892;3,614008301
FGFP_832;47;2,5448401;0,87504896;8,003134668
FGFP_833;47;2,532645556;0,88821808;8,94599055
FGFP_834;44;2,495806142;0,87465442;7,977943857
FGFP_835;61;2,447875599;0,83020828;5,889568702
FGFP_836;42;2,50356194;0,87583144;8,053568472
FGFP_837;49;2,624942617;0,89856164;9,858203544
FGFP_838;55;2,814756894;0,90338146;10,34998045
FGFP_839;47;2,579197169;0,87088592;7,745088684
FGFP_840;44;2,313134547;0,8319126;5,949285907
FGFP_841;52;2,640019642;0,88355434;8,587696613
FGFP_842;45;2,114108282;0,7210029;3,584266646
FGFP_843;66;2,69346788;0,8658237;7,452881023
FGFP_844;42;2,305803397;0,81265294;5,337687178
FGFP_845;43;2,298533106;0,84793822;6,576274459
FGFP_846;60;2,840720556;0,88495878;8,692536466
FGFP_847;45;2,646114246;0,88752362;8,890755552
FGFP_848;50;2,732689193;0,9027024;10,2777458
FGFP_849;38;2,33121118;0,85296386;6,801049048
FGFP_850;64;2,876689082;0,89898118;9,899145526
FGFP_851;60;2,712474217;0,8739901;7,935884403
FGFP_852;54;2,674250257;0,88348512;8,582594772
FGFP_853;61;2,923823087;0,92169474;12,77053419
FGFP_854;49;2,130941994;0,79976828;4,994213704
FGFP_855;51;2,44686977;0,86002538;7,144152276
FGFP_856;47;2,741909045;0,9084563;10,92374462
FGFP_857;54;2,702968233;0,89271504;9,320970992
FGFP_858;70;2,901891739;0,8982961;9,832464635
FGFP_859;62;3,094611288;0,93346968;15,03074087
FGFP_860;56;2,564266033;0,86418152;7,362768307
FGFP_861;64;2,82866992;0,8889704;9,006607247
FGFP_862;41;2,407993868;0,85518112;6,905177005
FGFP_863;53;2,566753938;0,86776542;7,562318419
FGFP_864;38;2,339360676;0,84009142;6,253573135
FGFP_865;51;2,234556036;0,81199028;5,318873939
FGFP_866;47;2,585606942;0,8893334;9,036150022
FGFP_867;52;2,513473358;0,86862666;7,611894468
FGFP_868;47;2,580605957;0,87651454;8,098119406
FGFP_869;60;2,311087294;0,82186868;5,613835905
FGFP_870;40;2,350251531;0,83711536;6,139314302
FGFP_871;46;2,496844545;0,84109122;6,292918491
FGFP_872;39;2,254108559;0,82676382;5,772466237
FGFP_873;59;2,535168633;0,84226856;6,339890132
FGFP_874;27;1,841808363;0,6886789;3,21211765
FGFP_875;60;2,425259238;0,83393898;6,021882799
FGFP_876;47;2,547901786;0,8739707;7,934662813
FGFP_877;52;2,18496293;0,80182224;5,045974886
FGFP_878;53;2,677526945;0,89896158;9,897225234
FGFP_879;65;2,537073276;0,84941032;6,640561292
FGFP_880;71;2,672257677;0,86244566;7,269854226
FGFP_881;53;2,28751135;0,81832772;5,504417075
FGFP_882;39;2,257646596;0,83148596;5,934223641
FGFP_883;68;2,838321632;0,8843661;8,647982988
FGFP_884;53;2,57622688;0,88590304;8,764475408
FGFP_885;42;2,499970338;0,87225108;7,827854826
FGFP_886;45;2,570575018;0,84871372;6,609984726
FGFP_887;28;1,778483184;0,66569128;2,991247132
FGFP_888;59;2,962049695;0,92411788;13,17833503
FGFP_889;52;2,451696302;0,84813094;6,584619672
FGFP_890;59;2,252318205;0,79028292;4,768328836
FGFP_891;50;2,483201416;0,86208906;7,25105637
FGFP_892;57;2,781771668;0,90105644;10,10677198
FGFP_893;49;2,466888443;0,8583625;7,060277116
FGFP_894;31;2,369949337;0,87221522;7,82565811
FGFP_895;41;2,354452865;0,86377244;7,340658528
FGFP_896;54;2,803935154;0,90117444;10,1188397
FGFP_897;72;2,768125243;0,89921076;9,921694022
FGFP_898;60;2,83634513;0,90744244;10,80408775
FGFP_899;54;2,943753336;0,92061326;12,5965621
FGFP_900;51;2,72482609;0,90063394;10,06379844
FGFP_901;46;2,612781719;0,884358;8,64737725
FGFP_902;47;2,512750086;0,8609276;7,190499337
FGFP_903;51;2,401626692;0,843119;6,374258196
FGFP_904;45;2,395066239;0,84730882;6,549166756
FGFP_905;50;2,487781698;0,86983234;7,68239976
FGFP_906;57;2,1183093;0,68322406;3,156805406
FGFP_907;49;2,946811249;0,9273817;13,77063357
FGFP_908;52;2,484667869;0,84540676;6,468588148
FGFP_909;71;2,877842835;0,90307406;10,31715555
FGFP_910;52;2,440903155;0,84685248;6,529651933
FGFP_911;68;2,885487571;0,89079498;9,1570882
FGFP_912;46;2,339696871;0,8174862;5,479037749
FGFP_913;32;2,077970882;0,79678152;4,92081232
FGFP_914;40;2,698753015;0,884811;8,681384507
FGFP_915;66;2,814095009;0,89406722;9,439948616
FGFP_916;44;2,115533658;0,77085366;4,364023445
FGFP_917;54;2,776297014;0,88667244;8,823978916
FGFP_918;68;2,885565252;0,90629834;10,67216952
FGFP_919;47;2,408920366;0,86069528;7,178507663
FGFP_920;55;2,746341654;0,89864284;9,866101221
FGFP_921;44;2,448719846;0,86723866;7,532313247
FGFP_922;55;2,825990209;0,9100961;11,12298799
FGFP_923;48;2,54109739;0,87538598;8,024779234
FGFP_924;56;2,618281329;0,87248124;7,841983407
FGFP_925;72;2,839060271;0,8891486;9,021085886
FGFP_926;56;2,789951424;0,88937752;9,039753945
FGFP_927;57;2,525795767;0,87097006;7,750139231
FGFP_928;44;2,247800889;0,83521472;6,068503206
FGFP_929;56;2,855461993;0,90758604;10,82087598
FGFP_930;46;2,503441447;0,87277206;7,859908759
FGFP_931;42;2,31825779;0,82230578;5,627645064
FGFP_932;55;2,692693771;0,89259254;9,310340269
FGFP_933;49;2,313955584;0,80498654;5,127851175
FGFP_934;55;2,360538121;0,81760616;5,4826413
FGFP_935;58;2,973254163;0,9182317;12,22967825
FGFP_936;56;2,543521093;0,86361418;7,332140541
FGFP_937;33;2,325591915;0,86312482;7,305926465
FGFP_938;45;2,515968082;0,86266458;7,281442763
FGFP_939;47;2,569935279;0,87496278;7,997618629
FGFP_940;56;2,401929255;0,82838862;5,82711939
FGFP_941;36;2,261568162;0,82540276;5,727467399
FGFP_942;43;2,394778998;0,8658055;7,451870233
FGFP_943;51;2,836554281;0,90712276;10,76690048
FGFP_944;49;2,716195096;0,89909938;9,910741877
FGFP_945;40;2,4741909;0,8723215;7,832172214
FGFP_946;39;2,083578163;0,7835922;4,620905531
FGFP_947;28;2,074089291;0,7804752;4,55529398
FGFP_948;49;2,571259417;0,87718908;8,142598394
FGFP_949;41;2,489131716;0,86353152;7,327699407
FGFP_950;71;2,843435211;0,89661312;9,672407176
FGFP_951;43;2,348769235;0,83082942;5,911193306
FGFP_952;46;2,408205447;0,82164496;5,606794179
FGFP_953;52;2,424447223;0,84579604;6,484917767
FGFP_954;40;2,381807053;0,8551312;6,902797566
FGFP_955;66;2,688300775;0,8879606;8,925431589
FGFP_956;52;2,555838215;0,8842178;8,636906191
FGFP_957;50;2,213114241;0,79561212;4,892658019
FGFP_958;53;2,800637854;0,90819108;10,89218782
FGFP_959;65;2,820184969;0,905169;10,54507492
FGFP_960;69;2,898013199;0,89993732;9,993735926
FGFP_961;54;2,556229942;0,86774642;7,561231991
FGFP_962;57;2,608741181;0,86245396;7,270292914
FGFP_963;47;2,274112845;0,82697204;5,779412761
FGFP_964;56;2,793304793;0,8992143;9,922042512
FGFP_965;47;2,443183289;0,84131484;6,301786506
FGFP_966;69;2,74785679;0,87580696;8,051981013
FGFP_967;51;2,42584038;0,8430411;6,371094599
FGFP_968;41;2,39521456;0,8548477;6,889315567
FGFP_969;66;2,786676748;0,8741642;7,946864088
FGFP_970;60;2,765584394;0,90349828;10,3625096
FGFP_971;59;2,614720901;0,86725868;7,533449268
FGFP_972;67;2,932920134;0,89963454;9,963587075
FGFP_973;41;2,825775265;0,92409928;13,17510559
FGFP_974;58;2,635737113;0,86415222;7,361180286
FGFP_975;43;2,553270053;0,8843397;8,646009045
FGFP_976;47;2,608702365;0,87107608;7,756512523
FGFP_977;32;1,956982564;0,78598294;4,672524704
FGFP_978;56;2,829411412;0,91683592;12,02442208
FGFP_979;68;2,823570495;0,8859176;8,765593992
FGFP_980;55;2,715127251;0,89469282;9,496028666
FGFP_981;35;1,99649541;0,74429672;3,910782842
FGFP_982;45;2,167784568;0,81924004;5,532198613
FGFP_983;55;2,480372786;0,84798182;6,578160586
FGFP_984;51;2,42176935;0,86235904;7,265279173
FGFP_985;60;2,741383914;0,8734463;7,901783986
FGFP_986;61;2,654092163;0,85697486;6,991777809
FGFP_987;42;2,108766888;0,77962402;4,537699617
FGFP_988;64;2,673037037;0,86470622;7,391322794
FGFP_989;47;2,592403596;0,88241226;8,504287947
FGFP_990;58;2,681817408;0,87452928;7,969986942
FGFP_991;50;2,607982392;0,89067596;9,147118969
FGFP_992;57;2,725969265;0,88534564;8,721866312
FGFP_993;56;2,861888837;0,91327192;11,530291
FGFP_994;60;2,605376623;0,877043;8,132924518
FGFP_995;46;2,503284973;0,86534108;7,426169763
FGFP_996;54;2,411365708;0,85128996;6,724495535
FGFP_997;49;2,633734389;0,89232126;9,2868843
FGFP_998;53;2,474089866;0,86428144;7,368188993
FGFP_999;51;2,511594854;0,86206744;7,249919816
FGFP_1000;43;2,523443622;0,87657704;8,102220203
FGFP_1001;51;2,113104941;0,78594016;4,671590897
FGFP_1002;58;2,881948454;0,9061219;10,65211162
FGFP_1003;39;2,341248225;0,84095562;6,287553197
FGFP_1004;60;2,55813064;0,86098922;7,193686705
FGFP_1005;54;2,704142043;0,8905063;9,132945548
FGFP_1006;50;2,601863515;0,87793956;8,192662586
FGFP_1007;40;2,432333876;0,85643794;6,965628663
FGFP_1008;61;2,568279973;0,85977274;7,131281036
FGFP_1009;43;2,110036971;0,77725588;4,489456332
FGFP_1010;35;2,272364902;0,85604934;6,946824697
FGFP_1011;48;2,179156694;0,82637228;5,75944901
FGFP_1012;64;2,818089821;0,88840504;8,960978166
FGFP_1013;55;2,563870346;0,86853346;7,606498201
FGFP_1014;50;2,560850787;0,88073186;8,384468811
FGFP_1015;55;2,843753656;0,90572616;10,6073965
FGFP_1016;53;2,626606034;0,8597527;7,130262044
FGFP_1017;55;2,521183395;0,84163528;6,314537733
FGFP_1018;44;2,594363426;0,87588042;8,056746566
FGFP_1019;51;2,55753831;0,87228308;7,829816128
FGFP_1020;54;2,699642923;0,8990691;9,907768582
FGFP_1021;49;2,723315939;0,90158312;10,16085858
FGFP_1022;42;2,41800992;0,85777046;7,030888239
FGFP_1023;54;2,544675758;0,87063182;7,729876079
FGFP_1024;58;2,47491413;0,8495423;6,646386327
FGFP_1025;52;2,870296201;0,9099624;11,10647107
FGFP_1026;65;2,85121455;0,90938384;11,03555922
FGFP_1027;69;3,108204698;0,93008446;14,30297184
FGFP_1028;46;2,515826729;0,85864282;7,074278081
FGFP_1029;45;2,609370268;0,89928118;9,928631015
FGFP_1030;49;2,025411685;0,7694694;4,337818927
FGFP_1031;57;2,643340321;0,87744924;8,159884117
FGFP_1032;51;2,830763702;0,88483314;8,683053441
FGFP_1033;42;2,475930244;0,87083128;7,741812414
FGFP_1034;52;2,432271888;0,82572956;5,738207811
FGFP_1035;48;2,60242788;0,88800446;8,928926991
FGFP_1036;59;2,759360088;0,89526216;9,547647727
FGFP_1037;73;2,749953844;0,89291702;9,338552214
FGFP_1038;60;2,89365414;0,90131942;10,13370615
FGFP_1039;63;2,721874025;0,89474898;9,501095571
FGFP_1040;64;2,646915724;0,85967166;7,126144298
FGFP_1041;53;2,634235473;0,8743046;7,955740624
FGFP_1042;71;2,582140482;0,85576426;6,933094391
FGFP_1043;54;2,734094457;0,90002732;10,00273275
FGFP_1044;40;1,717894704;0,65062278;2,862235838
FGFP_1045;42;2,041443268;0,73970318;3,841768025
FGFP_1046;50;2,705391227;0,90314576;10,32479322
FGFP_1047;40;2,137724001;0,79607802;4,903836261
FGFP_1048;51;2,263151821;0,79064512;4,776578411
FGFP_1049;37;2,590901763;0,89618058;9,632109291
FGFP_1050;56;3,01151269;0,928655;14,01639919
FGFP_1051;71;2,73176058;0,885397;8,725775067
FGFP_1052;67;2,731362146;0,86626448;7,477445035
FGFP_1053;47;2,289547844;0,8210253;5,587381904
FGFP_1054;46;2,622865397;0,88373742;8,601219756
FGFP_1055;36;2,151418872;0,8179662;5,493485276
FGFP_1056;52;2,432988772;0,82965764;5,870530384
FGFP_1057;52;2,456155992;0,8462017;6,502022454
FGFP_1058;49;2,620153086;0,8865198;8,812109954
FGFP_1059;58;2,868232676;0,9068747;10,73822044
FGFP_1060;53;2,603773571;0,86919882;7,645190968
FGFP_1061;62;2,448791529;0,84866422;6,607822684
FGFP_1062;50;2,161547642;0,79050814;4,77345516
FGFP_1063;54;2,72854751;0,89967772;9,967875531
FGFP_1064;66;3,075668275;0,9305634;14,40162681
FGFP_1065;52;2,603791761;0,8858771;8,762483253
FGFP_1066;44;1,949187487;0,7529557;4,047857004
FGFP_1067;62;2,669053602;0,8463423;6,50797194
FGFP_1068;58;2,852478476;0,90901508;10,99083233
FGFP_1069;48;2,596344991;0,88945012;9,045690506
FGFP_1070;64;2,746582679;0,88798166;8,927109614
FGFP_1071;54;2,433303715;0,81528444;5,413729087
FGFP_1072;50;2,700940507;0,89891864;9,89302083
FGFP_1073;62;2,585275981;0,82646228;5,762435971
FGFP_1074;60;2,422575841;0,8295243;5,865938665
FGFP_1075;60;2,798843422;0,88762586;8,898844521
FGFP_1076;55;2,603515877;0,8745721;7,972707827
FGFP_1077;47;2,628402085;0,87341994;7,900138458
FGFP_1078;44;2,44518078;0,8607141;7,179477607
FGFP_1079;40;2,608635982;0,88329838;8,568861341
FGFP_1080;52;2,819524147;0,89945804;9,946096137
FGFP_1081;45;2,362033662;0,8517662;6,746099742
FGFP_1082;48;2,585710746;0,88534002;8,721438814
FGFP_1083;46;2,538928263;0,85381272;6,840540436
FGFP_1084;53;2,520373988;0,8764937;8,096752959
FGFP_1085;44;2,468584498;0,8470529;6,538208309
FGFP_1086;48;2,283585425;0,81971044;5,546632872
FGFP_1087;46;2,333583646;0,82713108;5,78472984
FGFP_1088;67;2,90837342;0,89754156;9,760054906
FGFP_1089;48;2,6710988;0,8956503;9,583161236
FGFP_1090;34;1,781546339;0,71684912;3,531686004
FGFP_1091;54;2,804017154;0,90522666;10,55149054
FGFP_1092;59;2,653535016;0,88183726;8,462904635
FGFP_1093;55;2,810850001;0,90183498;10,18692809
FGFP_1094;52;2,058630171;0,72891674;3,688903549
FGFP_1095;65;2,836342923;0,89416404;9,448584394
FGFP_1096;58;2,563014172;0,85964372;7,124725734
FGFP_1097;50;2,753620388;0,89751632;9,757651169
FGFP_1098;69;2,934550809;0,90331014;10,34234614
FGFP_1099;68;2,947994389;0,91314012;11,51279509
FGFP_1100;54;2,672962666;0,86502558;7,40881124
FGFP_1101;47;2,618379206;0,8910746;9,18059516
FGFP_1102;59;2,745564329;0,8865117;8,811481007
FGFP_1103;61;2,785158704;0,89081542;9,158802461
FGFP_1104;57;1,99820057;0,73749992;3,809522649
FGFP_1105;46;2,47272783;0,86255208;7,275482961
FGFP_1106;50;2,099111472;0,74086418;3,858980206